Function,FunctionName,FunctionType,Algorithm,Dimension,FMin,Best,MeanBest,StdBest,Accuracy,Precision,SearchSpeed,SearchAcceleration,MeanTimeSeconds
f10,Rastrigin,Multimodal,QPSO-LR,30,0,329.261323008318,361.473676815871,14.8740156418236,361.473676815871,0.0411482677600343,0.235857161883915,0.21933730135708,0.157371523333333
f10,Rastrigin,Multimodal,QPSO-RM,30,0,218.556516273688,251.687927278584,18.581341050546,251.687927278584,0.0738269064053239,0.728486568492623,0.464387124520554,0.18398547
f10,Rastrigin,Multimodal,QPSO-CS,30,0,162.617757164465,193.261369964609,17.749064808794,193.261369964609,0.0918396925989103,0.834875448029664,0.472804010559272,0.208858553333333
