Function,FunctionName,FunctionType,Algorithm,Dimension,FMin,Best,MeanBest,StdBest,Accuracy,Precision,SearchSpeed,SearchAcceleration,MeanTimeSeconds
f1,Sphere,Unimodal,QPSO-LR,30,0,19936.458145033,40868.0639548174,6836.92263804507,40868.0639548174,0.167292550134104,66.0393837562621,80.2318238614093,0.116111153333333
f1,Sphere,Unimodal,QPSO-RM,30,0,991.56438866208,3177.17608068494,1222.49612194968,3177.17608068494,0.38477443204411,259.320244817667,137.328306250883,0.142483883333333
f1,Sphere,Unimodal,QPSO-CS,30,0,0.00459194911647536,0.0653420947832861,0.0528884178665936,0.0653420947832861,0.809408055282029,334.233738387943,90.0420286227648,0.170658073333333
f2,Schwefel No. 2.22,Unimodal,QPSO-LR,30,0,68.8871376216825,53044.1285446261,176956.711368467,53044.1285446261,3.33602825088535,1243395435.37177,941033174.052416,0.121498383333333
f2,Schwefel No. 2.22,Unimodal,QPSO-RM,30,0,9.04466658651196,16.5082719464665,4.81660474879503,16.5082719464665,0.291769166658658,231954680.563659,225775808.781992,0.147072356666667
f2,Schwefel No. 2.22,Unimodal,QPSO-CS,30,0,0.0025068599878835,0.00789752435919781,0.00585393141298595,0.00789752435919781,0.741236259204214,135573052.278267,135374415.061455,0.183654873333333
