Function,FunctionName,FunctionType,Algorithm,Dimension,FMin,Best,MeanBest,StdBest,Accuracy,Precision,SearchSpeed,SearchAcceleration,MeanTimeSeconds
f19,Branin RCOS No. 1,FixedMultimodal,QPSO-LR,2,0.398,0.397892506578287,0.39894536391669,0.00142908691609702,0.000945363916690034,0.00358216198345257,0.0108990617481783,0.00732179050428777,0.0963430966666667
f19,Branin RCOS No. 1,FixedMultimodal,QPSO-RM,2,0.398,0.397887357729738,0.397932445822074,8.66702624653792e-05,6.7554177926088e-05,0.000217801446892148,0.0143765781566372,0.0110417314646437,0.0996149733333333
f19,Branin RCOS No. 1,FixedMultimodal,QPSO-CS,2,0.398,0.397887357729738,0.397896895657265,3.91695986933682e-05,0.000103104342734861,9.84415790142468e-05,0.0103805722084801,0.00491175792387438,0.11043801
